|id|title|name|upvote_ratio|ups|score|sort|created|author|num_comments|flair|permalink|built_url|url|submission_text|last_updated|raw_filename|model|title_regex|title_ticker|submission_text_regex|submission_text_ticker
0|l5nizs|What Are Your Moves Tomorrow, January 27, 2021|t3_l5nizs|0.98|434|434|hot|2021-01-27 00:00:16.000000|AutoModerator|3626|Daily Discussion|/r/wallstreetbets/comments/l5nizs/what_are_your_moves_tomorrow_january_27_2021/|https://www.reddit.com/r/wallstreetbets/comments/l5nizs/what_are_your_moves_tomorrow_january_27_2021/|https://www.reddit.com/r/wallstreetbets/comments/l5nizs/what_are_your_moves_tomorrow_january_27_2021/|"Your daily trading discussion thread. Please keep the shitposting to a minimum. 

^Navigate ^WSB|^We ^recommend ^best ^daily ^DD
:--|:--                                 
**DD** | [All](https://reddit.com/r/wallstreetbets/search?sort=new&restrict_sr=on&q=flair%3ADD) / [**Best Daily**](https://www.reddit.com/r/wallstreetbets/search?sort=top&q=flair%3ADD&restrict_sr=on&t=day) / [Best Weekly](https://www.reddit.com/r/wallstreetbets/search?sort=top&q=flair%3ADD&restrict_sr=on&t=week)
**Discussion** | [All](https://reddit.com/r/wallstreetbets/search?sort=new&restrict_sr=on&q=flair%3ADiscussion) / [**Best Daily**](https://www.reddit.com/r/wallstreetbets/search?sort=top&q=flair%3ADiscussion&restrict_sr=on&t=day) / [Best Weekly](https://www.reddit.com/r/wallstreetbets/search?sort=top&q=flair%3ADiscussion&restrict_sr=on&t=week)
**YOLO** | [All](https://reddit.com/r/wallstreetbets/search?sort=new&restrict_sr=on&q=flair%3AYOLO) / [**Best Daily**](https://www.reddit.com/r/wallstreetbets/search?sort=top&q=flair%3AYOLO&restrict_sr=on&t=day) / [Best Weekly](https://www.reddit.com/r/wallstreetbets/search?sort=top&q=flair%3AYOLO&restrict_sr=on&t=week)
**Gain** | [All](https://reddit.com/r/wallstreetbets/search?sort=new&restrict_sr=on&q=flair%3AGain) / [**Best Daily**](https://www.reddit.com/r/wallstreetbets/search?sort=top&q=flair%3AGain&restrict_sr=on&t=day) / [Best Weekly](https://www.reddit.com/r/wallstreetbets/search?sort=top&q=flair%3AGain&restrict_sr=on&t=week)
**Loss** | [All](https://reddit.com/r/wallstreetbets/search?sort=new&restrict_sr=on&q=flair%3ALoss) / [**Best Daily**](https://www.reddit.com/r/wallstreetbets/search?sort=top&q=flair%3ALoss&restrict_sr=on&t=day) / [Best Weekly](https://www.reddit.com/r/wallstreetbets/search?sort=top&q=flair%3ALoss&restrict_sr=on&t=week)

[Weekly Earnings Discussion Thread](https://www.reddit.com/r/wallstreetbets/search?sort=new&restrict_sr=on&q=flair%3A%22Earnings%20Thread%22)

**Read the [rules](https://www.reddit.com/r/wallstreetbets/wiki/contentguide) and make sure other people follow them.**

Try [No Meme Mode](https://www.reddit.com/r/wallstreetbets/search/?q=-flair%3AMeme%20-flair%3ASatire%20-flair%3AShitpost&restrict_sr=1&t=day&sort=hot), also accessible through the top bar.

---

[**Check out WSB.GOLD stats generated live from WSB activity**](https://wsb.gold/public/dashboard/e65fcfcb-70a4-4d86-b7fb-888057c67881)"|2021-01-26 16:27:08.822090|../output/raw/2021/01/26/StockTicker_162708.csv|StockTicker|[]|[]|['DD', 'WSB', 'GOLD', 'WSB']|['DD', 'GOLD']
1|l5ne0q|The GME Thread Part 3 for January 26, 2020|t3_l5ne0q|0.99|2218|2218|hot|2021-01-26 23:54:00.000000|OPINION_IS_UNPOPULAR|10037|Discussion|/r/wallstreetbets/comments/l5ne0q/the_gme_thread_part_3_for_january_26_2020/|https://www.reddit.com/r/wallstreetbets/comments/l5ne0q/the_gme_thread_part_3_for_january_26_2020/|https://www.reddit.com/r/wallstreetbets/comments/l5ne0q/the_gme_thread_part_3_for_january_26_2020/|"Part 3 of GME Thread.  Here's the [first thread](https://www.reddit.com/r/wallstreetbets/comments/l5c0nr/the_gme_thread_part_1_for_january_26_2021/) and the [second thread](https://www.reddit.com/r/wallstreetbets/comments/l5jtj4/the_gme_thread_part_2_for_january_26_2021) from today.  You can view WSB Stats [here](http://wsb.gold/public/dashboard/e65fcfcb-70a4-4d86-b7fb-888057c67881).

Remember - **follow the rules located on the sidebar**.  To all new people - we don't discuss tickers with a market cap below $1B.

BREAKING: [Elon Musk just tweeted us](https://mobile.twitter.com/elonmusk/status/1354174279894642703)"|2021-01-26 16:27:08.822090|../output/raw/2021/01/26/StockTicker_162708.csv|StockTicker|['GME']|['GME']|['GME', 'WSB', 'B']|['GME', 'B']
2|l5jomp|Someone is actively driving attention to non-GME posts on reddit. Don't be fooled comrades. üíéüôåüöÄüöÄüöÄ|t3_l5jomp|0.91|19256|19256|hot|2021-01-26 21:07:59.000000|i_am_not_a_bird|1152|Discussion|/r/wallstreetbets/comments/l5jomp/someone_is_actively_driving_attention_to_nongme/|https://www.reddit.com/r/wallstreetbets/comments/l5jomp/someone_is_actively_driving_attention_to_nongme/|https://www.reddit.com/r/wallstreetbets/comments/l5jomp/someone_is_actively_driving_attention_to_nongme/|"* A few non-GME tickers are being spammed with awards on other subreddits: [https://i.imgur.com/QiHJHDx.png](https://i.imgur.com/QiHJHDx.png)
* ""A week old post of mine on X got 10 anonymous awards today. Super suspicious."": [https://www.reddit.com/r/stocks/comments/l53bbw/todays\_posts\_about\_nok\_and\_amc\_on\_this\_sub/gksdn13?utm\_source=share&utm\_medium=web2x&context=3](https://www.reddit.com/r/stocks/comments/l53bbw/todays_posts_about_nok_and_amc_on_this_sub/gksdn13?utm_source=share&utm_medium=web2x&context=3)

I think the large players are starting to realize they need to take the retards on reddit seriously. I think they're attempting to astroturf the investing subreddits by giving awards to tickers they have a vested interest in. And at this moment, that's anything that isn't GME. They know that once the prevailing enthusiasm subsides they'll have the opportunity to close.

Stay wary and stay vigilant my comrades. This is a war of attrition.

Positions: $8k in shares/calls GME üöÄüöÄüöÄ

&#x200B;

Edit: I'm in no way advocating for everyone to go all in on GME, or for this sub to become a one-ticker show. I'm only pointing out that some of the recent activity is highly sus and to be be wary of all posts ‚Äì¬†including this one. With that said, GME to the god damn moon üöÄüåï"|2021-01-26 16:27:08.822090|../output/raw/2021/01/26/StockTicker_162708.csv|StockTicker|['GME']|['GME']|['A', 'GME', 'A', 'X', 'I', 'I', 'GME', 'GME', 'GME', 'GME']|['A', 'GME', 'A', 'X', 'I', 'I', 'GME', 'GME', 'GME', 'GME']
3|l5ke26|This Autist filed an SEC complaint against Melvin Capital. It aint much but its honest work.|t3_l5ke26|0.98|10988|10988|hot|2021-01-26 21:39:38.000000|delsystem32exe|423|News|/r/wallstreetbets/comments/l5ke26/this_autist_filed_an_sec_complaint_against_melvin/|https://www.reddit.com/r/wallstreetbets/comments/l5ke26/this_autist_filed_an_sec_complaint_against_melvin/|https://www.reddit.com/r/wallstreetbets/comments/l5ke26/this_autist_filed_an_sec_complaint_against_melvin/|"&#x200B;

https://preview.redd.it/yht0xbs71qd61.jpg?width=768&format=pjpg&auto=webp&s=26cfc80775814240f83f864d64c4b80525c1a262"|2021-01-26 16:27:08.822090|../output/raw/2021/01/26/StockTicker_162708.csv|StockTicker|['SEC']|[]|[]|[]
4|l5nphz|GME YOLO update ‚Äî Jan 26 2021|t3_l5nphz|1.0|4648|4648|hot|2021-01-27 00:08:03.000000|DeepFuckingValue|903|YOLO|/r/wallstreetbets/comments/l5nphz/gme_yolo_update_jan_26_2021/|https://www.reddit.com/r/wallstreetbets/comments/l5nphz/gme_yolo_update_jan_26_2021/|https://i.redd.it/cltvfhzmrqd61.png||2021-01-26 16:27:08.822090|../output/raw/2021/01/26/StockTicker_162708.csv|StockTicker|['GME', 'YOLO']|['GME']|[]|[]
5|l5lzgg|Notes from closed door meetings, i won't mention the fund - but this is their plan with GME|t3_l5lzgg|0.97|6427|6427|hot|2021-01-26 22:50:51.000000|heapsp|918|DD|/r/wallstreetbets/comments/l5lzgg/notes_from_closed_door_meetings_i_wont_mention/|https://www.reddit.com/r/wallstreetbets/comments/l5lzgg/notes_from_closed_door_meetings_i_wont_mention/|https://www.reddit.com/r/wallstreetbets/comments/l5lzgg/notes_from_closed_door_meetings_i_wont_mention/|"From this morning, they are doubling down on the shorts with a strategy to get folks to take profits and drive the sentiment around GME DOWN in the following ways:

DISTRACT AND DIVERT

PUSH PROFIT TAKING

There are people on these forums right now who work for the short sellers who's only goal is to divert your attention away from GME and into other stocks such as $BB. It is their hope that if they can push the narrative 'take some or all of your profits and jump onto the next big thing"" that the stock will hold steady and stem the bleeding long enough to lose momentum. 

DO NOT BELIEVE these posts. They aren't investment advice, we are being attacked by outsiders that want to drive us out of GME at any cost.

Beware of any advice like ""Wow, that is a lot of money you made, you could just withdraw and pay off your house!"". It is a TRAP. 

They have until Friday, if this run-up continues they will have no choice but to close their short positions causing a massive blow-up of the stock price. IF THEIR STRATEGY DOESN'T SUCCEED BY FRIDAY - THERE WILL BE A RACE TO CLOSE SHORT POSITIONS AND THE STOCK WILL MOON.

THIS WEEK IS THE BIGGEST BATTLE OF THE WAR. DOUBLE DOWN ON SHARES. IF WE CAN KEEP GOING, WE WIN. IF YOU DIP OUT, YOU WILL KILL ALL OF YOUR BROTHERS."|2021-01-26 16:27:08.822090|../output/raw/2021/01/26/StockTicker_162708.csv|StockTicker|[]|[]|['GME', 'DOWN', 'TRACT', 'AND', 'IVERT', 'PUSH', 'ROFIT', 'AKING', 'GME', '$BB', 'DO', 'NOT', 'LIEVE', 'GME', 'TRAP', 'IF', 'THEIR', 'ATEGY', 'T', 'CCEED', 'BY', 'RIDAY', 'THERE', 'WILL', 'BE', 'A', 'RACE', 'TO', 'CLOSE', 'SHORT', 'TIONS', 'AND', 'THE', 'STOCK', 'WILL', 'MOON', 'THIS', 'WEEK', 'IS', 'THE', 'GGEST', 'ATTLE', 'OF', 'THE', 'WAR', 'OUBLE', 'DOWN', 'ON', 'HARES', 'IF', 'WE', 'CAN', 'KEEP', 'GOING', 'WE', 'WIN', 'IF', 'YOU', 'DIP', 'OUT', 'YOU', 'WILL', 'KILL', 'ALL', 'OF', 'YOUR', 'THERS']|['GME', 'GME', 'DO', 'GME', 'T', 'A', 'WIN', 'OUT', 'ALL']
6|l5jwnj|Melvin is down another 25% on $GME|t3_l5jwnj|0.99|8319|8319|hot|2021-01-26 21:17:54.000000|cr3diar|1359|Discussion|/r/wallstreetbets/comments/l5jwnj/melvin_is_down_another_25_on_gme/|https://www.reddit.com/r/wallstreetbets/comments/l5jwnj/melvin_is_down_another_25_on_gme/|https://www.reddit.com/r/wallstreetbets/comments/l5jwnj/melvin_is_down_another_25_on_gme/|"These guys are so fucked. Check out my math:

* As of Jan 22 2021 close, they were [down 30%](https://markets.businessinsider.com/news/stocks/steve-cohen-ken-griffin-invest-3-billion-gamestop-short-seller-2021-1-1030003305). They had [13.1 bn AUM](https://aum13f.com/firm/melvin-capital-management-lp) as of Mar 2020 (assuming this doesn't change), that's a **loss of $3.9 bn as of Jan 22 2021**.
* During this time, GME increased $46.95 (from $17.9 to $64.85). **AKA for every $11.95 increase in GME price, Melvin loses $1bn.**

GME price as I am writing this is $103.46. That means:

* **Since the $2.75bn bailout, Melvin has lost another $3.2 bn or 25%.**

Keep the pressure coming. We are doing this! üöÄüöÄüöÄüöÄüöÄüöÄüöÄüöÄ

Edit: **When $GME hits \~$175 it'll be game fucking over for Melvin.** \-100% loss. They can't restart."|2021-01-26 16:27:08.822090|../output/raw/2021/01/26/StockTicker_162708.csv|StockTicker|[]|[]|['GME', 'AKA', 'GME', 'GME', 'I', '$GME']|['GME', 'GME', 'GME', 'I', 'GME']
7|l5jtj4|The GME Thread Part 2 for January 26, 2021|t3_l5jtj4|0.94|9359|9359|hot|2021-01-26 21:13:49.000000|premier_|100001|Daily Discussion|/r/wallstreetbets/comments/l5jtj4/the_gme_thread_part_2_for_january_26_2021/|https://www.reddit.com/r/wallstreetbets/comments/l5jtj4/the_gme_thread_part_2_for_january_26_2021/|https://www.reddit.com/r/wallstreetbets/comments/l5jtj4/the_gme_thread_part_2_for_january_26_2021/|"Listen all you  üíéüôåüèº.

Part 2 of GME Thread.  Here's the [first thread](https://www.reddit.com/r/wallstreetbets/comments/l5c0nr/the_gme_thread_part_1_for_january_26_2021/) from today.  You can view WSB Stats [here](http://wsb.gold/public/dashboard/e65fcfcb-70a4-4d86-b7fb-888057c67881).

Remember - **follow the rules located on the sidebar**.  To all new people - we don't discuss tickers <$1BN Market Cap."|2021-01-26 16:27:08.822090|../output/raw/2021/01/26/StockTicker_162708.csv|StockTicker|['GME']|['GME']|['GME', 'WSB', 'BN']|['GME']
8|l5gqce|Our favorite analyst has spoken!|t3_l5gqce|0.96|20715|20715|hot|2021-01-26 18:52:19.000000|OOminati1|802|News|/r/wallstreetbets/comments/l5gqce/our_favorite_analyst_has_spoken/|https://www.reddit.com/r/wallstreetbets/comments/l5gqce/our_favorite_analyst_has_spoken/|https://i.redd.it/1ydvqz1m7pd61.png||2021-01-26 16:27:08.822090|../output/raw/2021/01/26/StockTicker_162708.csv|StockTicker|[]|[]|[]|[]
9|l5ht7n|Target Acquired|t3_l5ht7n|0.94|12965|12965|hot|2021-01-26 19:43:05.000000|yakonline|634|News|/r/wallstreetbets/comments/l5ht7n/target_acquired/|https://www.reddit.com/r/wallstreetbets/comments/l5ht7n/target_acquired/|https://i.redd.it/48lo0x6rgpd61.jpg||2021-01-26 16:27:08.822090|../output/raw/2021/01/26/StockTicker_162708.csv|StockTicker|[]|[]|[]|[]
10|l4xje1|GME YOLO update ‚Äî Jan 25 2021|t3_l4xje1|0.86|62260|62260|top|2021-01-26 00:05:36.000000|DeepFuckingValue|5711|YOLO|/r/wallstreetbets/comments/l4xje1/gme_yolo_update_jan_25_2021/|https://www.reddit.com/r/wallstreetbets/comments/l4xje1/gme_yolo_update_jan_25_2021/|https://i.redd.it/1ubfvqedmjd61.png||2021-01-26 16:27:08.822090|../output/raw/2021/01/26/StockTicker_162708.csv|StockTicker|['GME', 'YOLO']|['GME']|[]|[]
11|l5be2b|$500 Donation For Every $50 Increase in GME Price. $1000 Donation To St Jude So Far üíéüôåüöÄ|t3_l5be2b|0.91|40692|40692|top|2021-01-26 13:29:54.000000|yolo_howla|1099|Gain|/r/wallstreetbets/comments/l5be2b/500_donation_for_every_50_increase_in_gme_price/|https://www.reddit.com/r/wallstreetbets/comments/l5be2b/500_donation_for_every_50_increase_in_gme_price/|https://www.reddit.com/gallery/l5be2b||2021-01-26 16:27:08.822090|../output/raw/2021/01/26/StockTicker_162708.csv|StockTicker|['GME']|['GME']|[]|[]
12|l528pz|GME EndGame part 3: A new opponent enters the ring|t3_l528pz|0.91|30039|30039|top|2021-01-26 03:52:36.000000|FatAspirations|4162|DD|/r/wallstreetbets/comments/l528pz/gme_endgame_part_3_a_new_opponent_enters_the_ring/|https://www.reddit.com/r/wallstreetbets/comments/l528pz/gme_endgame_part_3_a_new_opponent_enters_the_ring/|https://www.reddit.com/r/wallstreetbets/comments/l528pz/gme_endgame_part_3_a_new_opponent_enters_the_ring/|" 

Wow - what a week. This is an extension of my DD series on GME. If you haven‚Äôt read them and have time, they will provide some background on my previous predictions, some of which have already come true. 

# Previous Important Posts

* [EndGame Part 1](https://www.reddit.com/r/wallstreetbets/comments/kwb827/gme_endgame_dtc_infinity/) (DTC Infinity) covered the short positions, the float, and potential snowball impacts of increasing prices, and argued that part of the reason that shorts haven‚Äôt closed was that it was pretty much impossible for shorts to close 
* [EndGame Part 2](https://www.reddit.com/r/wallstreetbets/comments/l0czgs/gme_endgame_part_2_cohen_market_cap_potential/) covered Cohen, fair market cap analysis, and potential investors, in which I talked about the amazing mid-to-long term potential for GME. 
* After the Citron tweet, I shared this [fan fiction on what looked like blatant market manipulation by shorts](https://www.reddit.com/r/wallstreetbets/comments/l1tg88/gme_how_shorts_manipulated_you_and_how_you_can_be/) on the day of the tweet, and offered some education on strengthening your position. This one got buried and is worth reading. 

# What‚Äôs happened thus far

### Why did GME go up on Friday? 

The story here is more complex than paid media articles would like you to believe. GME has been driven up by 3 different forces: 

* Organic buying
   * There is a mixture of growing positive sentiment in the investor world (not just WSB) about GME‚Äôs future
   * There‚Äôs been a lot of good due diligence shared not just on WSB but even outside (for example, see gmedd.com)
   * The Citron Backfire
      * Shorts were on the ropes and kept looking for hail mary‚Äôs. They went to Citron and [coordinated a dump](https://www.reddit.com/r/wallstreetbets/comments/l1tg88/gme_how_shorts_manipulated_you_and_how_you_can_be/) to try to bring the price down.
      * However, this backfired. Citron is so disliked in the industry that new wealth poured into GME in the face of Andrew Left‚Äôs pleas. Even when Benzinga brought Andrew Left on air, **minutes after he left** [they bought shares live on their show](https://youtu.be/mFiFWBrE5DE?t=5104)**.** 
      * The next day, our very on u/Uberkikz11 [was on Benzinga](https://youtu.be/GLzTU87MJMM?t=837) and more shares were bought. 
   * Larger investors piling in
      * In my [EndGame Part 2](https://www.reddit.com/r/wallstreetbets/comments/l0czgs/gme_endgame_part_2_cohen_market_cap_potential/), I hypothesized that we‚Äôd soon see larger investors pile in. Then, on WSB, we saw posts from a [venture capitalist](https://www.reddit.com/r/wallstreetbets/comments/l0yzb5/a_venture_capital_perspective_on_gme/) as well as a [hedge fund investor](https://www.reddit.com/r/wallstreetbets/comments/l2zk5e/a_hedge_fund_managers_perspective_on_gme/)
* Gamma squeeze
   * Once the organic buying started, we rolled into a gamma squeeze. Many people written about the gamma squeeze so I won‚Äôt repeat, see [this post](https://www.reddit.com/r/wallstreetbets/comments/l2t9bf/gme_i_think_this_is_a_gamma_squeeze_where_dealers/) for an example. 
* Ultra low liquidity - In EndGame part 1, I talked about how the actual actively traded shares are much lower than the reported float, and **share availability has been reducing** driven by lots of diamond hands, not just among smaller guys like us but the larger folks too. 
* I believe there were some short covers on Friday, but Ortex was still estimating 71M shares short at the eod. 

However, not many people have talked about why it **went down**

### Why did GME come down? 

Here‚Äôs where things got interesting for me, and something I think happened again today (Monday) when GME climbed up over 100% but then had a rapid reversal, closing 20% above yesterday but closing below open. 

So Friday looked like a slam dunk - gamma squeeze, no shorts available to short, puts were getting exceedingly expensive as a short tactic. What happened?

This is my fan fiction, based on what I saw.

**I believe** [**market-makers**](https://www.nyse.com/markets/nyse/membership) **took a non-neutral stance and began actively shorting the stock after the second halt.** 

Market-makers are responsible for maintaining liquidity and functioning in the stock market, but they also have abilities that others don‚Äôt - for example they are legally allowed to naked short for ‚Äúliquidity purposes‚Äù. They also have the ability to halt trading. 

There were two halts in the day on Friday: First, when GME was up 69% (heh heh), and then a few minutes later when it kept climbing after the first halt was relaxed. Note that at the time of the first halt, the **bid-ask spread was $10 on the underlying** a huge signal that there just were not enough shares to buy.

However, after the second halt, something strange happened. Whereas a few minutes prior, there were no sellers willing to sell their shares below $75, **within 15 minutes** after the halt there were sellers at 70, 65, 60, and 56. Where did these sellers come from? 

&#x200B;

[Incredible momentum reversal on Friday 1\/22 to push the price not too far above the 60c strike price. ](https://preview.redd.it/tt5zodp6pkd61.png?width=704&format=png&auto=webp&s=fa22980543213227bf5b3d17166129ac6cb65a65)

My speculation? This was a coordinated **naked short ladder attack**. In this type of attack, short seller A sells to short seller B, who then turns around to short seller A at a lower price, etc. and with a **very small amount of capital** you can wreck the momentum of a stock and make people think that others are running for the exits.

Notice how the stock dropped from a high of $75 on Friday to below 60 - the highest expiring SP for the 1/22 options, and stayed tight in range for the rest of the day. Now, for compliance reasons, MM are required to be neutral by EOD, so 20 minutes before close, MMs had to buy back all their short positions, which led to the strong close above 60.

All this led me to believe that the **real fair market price for GME was above $65.** Without the market makers interference, GME would have closed higher. 

### A repeat on Monday

The short ladder attack repeated on Monday. 

GME opened strong above $90, and quickly climbed to **a high above $155** before it was halted, immediately after the halt, a **short ladder attack again** drove the price down 

&#x200B;

[Dejavu - Incredible Momentum Reversal after trading halts. ](https://preview.redd.it/qm81rd0dpkd61.png?width=637&format=png&auto=webp&s=4b4563e7dd2e626fb09dca69668c24631932e707)

Both days, there **were rapid and significant reversals in momentum.** 

Now, I kept wondering - why would MM‚Äôs take the side of the shorts? What‚Äôs in it for them? One theory was that they were not adequately hedged, with the low liquidity of the stock meaning that the price was moving up too fast for them to acquire the shares they needed to. 

But then the news hit today: 

# A new opponent enters the ring:

&#x200B;

https://preview.redd.it/8htb0scgpkd61.png?width=926&format=png&auto=webp&s=228a8a84e592ea4642a61c5e07e07ae344ac8f2c

That‚Äôs right, the **same Citadel** [**listed by the NYSE as one of their designated market makers**](https://www.nyse.com/markets/nyse/membership) is now invested in Melvin‚Äôs hedge fund and has a financial interest in the direction of GME‚Äôs share price. 

**Hey media - you want a manipulation story? You‚Äôre missing the big one.** 

# Now what? 

Shorts have pulled new dirty tactics each time they‚Äôve been pushed to the edge. Paid media attacks, Citron‚Äôs fluff tweet + coordinated shorting, and now they‚Äôve got the **actual people who get all the order flow on their side.** 

On the other hand, GME is still up over 20% and now trading at $88.00 after hours, which is well above the previous day‚Äôs high. 

&#x200B;

https://preview.redd.it/rr5qet4ipkd61.png?width=724&format=png&auto=webp&s=96d28bf446a714906712503726f5903a681d5368

What this tells me is that GME‚Äôs **true price is still being suppressed**. They are using every tactic possible, even changing the [bid-ask spread rules](https://thefly.com/permalinks/entry.php/id3233043/GME;IRBT-NYSE-changes-bidask-differentials-on-options-for-GameStop-iRobot) on options to specifically target retail‚Äôs buying of options. 

We‚Äôre now playing the game against the folks who write the rules of the game. 

Some shorts may have covered today - with prices below $60 at one point they had some great opportunities to. However, there is **no way all of the shorts who need to exit covered today.** 

The short position still lost 20% from yesterday. They‚Äôve got more fingers in the dam, but it‚Äôs definitely cracking. Also, **every call option purchased prior to 1/25 is ITM and profitable,** while **every put option purchased prior to 1/25 is OTM.**

And, for some reason, the SEC still doesn‚Äôt want to enforce the threshold securities list for GME, where it‚Äôs now **been on for more than 30 days in a highly covered ‚Äúshort squeeze‚Äù.**

&#x200B;

https://preview.redd.it/rbrf6khjpkd61.png?width=936&format=png&auto=webp&s=7e4f432ff02dbf475a03cc68c54a5a0f5f0de429

# Margin impacts:

Note that at this point, most brokers have increased margin on GME. This means that people that are long or short on margin will need to put up capital to hold their positions. 

This also means **puts will get more expensive** as people who sell puts will have to maintain 100% of the notional in their accounts to secure the put, so MMs will have fewer retail sellers of puts to absorb the demand. 

That means it‚Äôs not a bad idea to sell puts to acquire shares if you‚Äôre aiming for the long-term and not the squeeze, but keep in mind you‚Äôll need the exact same capital as if you‚Äôd bought the shares, so it‚Äôs up to you on this. 

For shorts, a margin increase while the price is moving against you (even with retracements) is no good. 

# My speculation

* Cohen and the GME board have been strangely silent this entire run. It‚Äôs possible they can‚Äôt say anything at all during the pre-earnings quiet period, but I‚Äôm sure they can see what‚Äôs happening. 
* MMs will continue to play dirty, but at the same time they will need to continue to need to buy GME shares to delta hedge 1/29 and later ITM options as we get closer to expiry. 

# Things to be careful about

As you can see, this is no easy win. I've been in GME for a few months but I've seen almost every trick in the book. In addition to the [suggestions I wrote about in this post](https://www.reddit.com/r/wallstreetbets/comments/l1tg88/gme_how_shorts_manipulated_you_and_how_you_can_be/), here‚Äôs some things to be careful about. 

* **Be careful about swapping ITM calls for OTM calls:** it can be tempting to trade-up your options for higher return, but be mindful of the delta impact. You may actually be driving the sale of shares by MMs when you don‚Äôt mean to. For example, if you sell a .5 delta call for 2 .2 delta calls, that‚Äôs net reduction of 10 shares that MMs have to hold long as leverage. 
* **Be careful about being short any calls this week:** Not only do you limit your upside (which is dumb in the prospect of a squeeze), you could end up in a nightmare scenario. A call that ends OTM on Friday could end up ITM after hours if you didn‚Äôt sell it, and you may get assigned while the underlying continues to go up. 
* **There are a few other dirty tactics shorts can play.** I‚Äôm not specifically going to share them here because I don‚Äôt want to give the ideas circulation, but 
   * **Choose your own limit sells based on personal sell points.** Don‚Äôt copy others and don‚Äôt try to be memey. Make your own decisions. 
   * **Stop sharing your positions publicly.** I know this is anti-wsb, and I think sharing them is great for this community, but in the case of GME it‚Äôs an **attack vector** for you. 
* **Be careful of holding weeklies until expiration.** Remember the multiple trading halts? What if trading gets halted on Friday at 2pm and doesn‚Äôt resume for the rest of the day? **All your 1/29 calls would expire worthless. Depending on your broker and your cash positions, maybe even your ITM ones.** Roll (or sell, if you‚Äôre taking profits) your weeklies well before expiration. 
* **Be careful about buying on margin.** Brokers are rapidly increasing margins. If you bought on margin with 2:1 leverage, and the stock went up 100%, you‚Äôd be in margin call even without a margin change. If the broker moves margin against you, you‚Äôll get to margin call faster. 
* **Don‚Äôt bet more than you can afford to lose.** I‚Äôve been in GME long enough to know that just when you think going up is a sure thing (remember last Monday with the short sale restriction?), you can be surprised by a new trick. If you bet it all on weeklies all at once, you may not be able to recover from being wrong on the timing. Consider longer expiry or spreading your purchases out. I‚Äôve held through multiple 30-40% drawdowns in the underlying; and **held through a 50% drawdown today**, so you need to be ready for the volatility. 
* **Watch out for stop loss hunts.** It‚Äôs common practice for shorts to hunt for stop losses for cheap shares. If you‚Äôve set a stop loss, be really sure about it. 

This is not financial advice; do your own DD. I‚Äôm holding over $1M in shares and calls."|2021-01-26 16:27:08.822090|../output/raw/2021/01/26/StockTicker_162708.csv|StockTicker|['GME', 'A']|['GME', 'A']|['DD', 'GME', 'DTC', 'I', 'GME', 'I', 'GME', 'GME', 'WSB', 'GME', 'DE', 'MJMM', 'I', 'WSB', 'I', 'I', 'I', 'M', 'GME', 'I', 'GME', 'I', 'I', 'GME', 'A', 'B', 'A', 'SP', 'MM', 'EOD', 'GME', 'GME', 'A', 'GME', 'I', 'A', 'NYSE', 'GME', 'ITM', 'OTM', 'SEC', 'GME', 'GME', 'GME', 'GME', 'ITM', 'GME', 'I', 'ITM', 'OTM', 'A', 'OTM', 'ITM', 'I', 'I', 'I', 'GME', 'ITM', 'GME', 'DD', 'M']|['DD', 'GME', 'I', 'GME', 'I', 'GME', 'GME', 'GME', 'DE', 'I', 'I', 'I', 'I', 'M', 'GME', 'I', 'GME', 'I', 'I', 'GME', 'A', 'B', 'A', 'SP', 'MM', 'EOD', 'GME', 'GME', 'A', 'GME', 'I', 'A', 'GME', 'GME', 'GME', 'GME', 'GME', 'GME', 'I', 'A', 'I', 'I', 'I', 'GME', 'GME', 'DD', 'M']
13|l4wh03|We fucking did it bois|t3_l4wh03|0.96|27080|27080|top|2021-01-25 23:17:05.000000|The_Ron_Swansonson|2901|News|/r/wallstreetbets/comments/l4wh03/we_fucking_did_it_bois/|https://www.reddit.com/r/wallstreetbets/comments/l4wh03/we_fucking_did_it_bois/|https://i.redd.it/hl971tz0ejd61.jpg||2021-01-26 16:27:08.822090|../output/raw/2021/01/26/StockTicker_162708.csv|StockTicker|[]|[]|[]|[]
14|l5c06w|Financial Times of London quoting u/openposition69, what is happening? üöÄüöÄüöÄ|t3_l5c06w|0.96|26004|26004|top|2021-01-26 14:16:04.000000|chevalliers|874|News|/r/wallstreetbets/comments/l5c06w/financial_times_of_london_quoting_uopenposition69/|https://www.reddit.com/r/wallstreetbets/comments/l5c06w/financial_times_of_london_quoting_uopenposition69/|https://i.redd.it/yrwvy7leund61.png||2021-01-26 16:27:08.822090|../output/raw/2021/01/26/StockTicker_162708.csv|StockTicker|[]|[]|[]|[]
15|l54ky3|An open letter to CNBC|t3_l54ky3|0.98|18746|18746|top|2021-01-26 05:58:38.000000|RADIO02118|1310|Discussion|/r/wallstreetbets/comments/l54ky3/an_open_letter_to_cnbc/|https://www.reddit.com/r/wallstreetbets/comments/l54ky3/an_open_letter_to_cnbc/|https://www.reddit.com/r/wallstreetbets/comments/l54ky3/an_open_letter_to_cnbc/|"Before you spend another day hosting your shill hedge fund buddies to come on the air and demonize r/wallstreetbets I hope you read this. 

Your contempt for the retail investor (your audience) is palpable and if you don‚Äôt get it together, you‚Äôll lose an entire new generation of investors. 

I keep thinking about these funds that are short GME like your boys at Melvin Capital / your coverage of this subreddit and I‚Äôm getting madder and madder. 

These funds can manipulate the market via your network and if they screw up big because they don‚Äôt even know the basics of portfolio risk 101 and using position sizing, they just get a bailout from their billionaire friends at Citadel. Then they have the nerve to turn us into public enemy #1 just because we believe in an underdog company getting a second chance. 

We don‚Äôt have billionaires to bail us out when we mess up our portfolio risk and a position goes against us. We can‚Äôt go on TV and make attempts to manipulate millions to take our side of the trade. If we mess up as bad as they did, we‚Äôre wiped out, have to start from scratch and are back to giving handjobs behind the dumpster at Wendy‚Äôs. 

Seriously. Motherfuck these people. I sincerely hope they suffer. __We want to see the loss porn.__"|2021-01-26 16:27:08.822090|../output/raw/2021/01/26/StockTicker_162708.csv|StockTicker|[]|[]|['I', 'I', 'GME', 'TV', 'I']|['I', 'I', 'GME', 'TV', 'I']
16|l4tk3x|Last post got removed. If I can hold so can you. üíéüôå|t3_l4tk3x|0.97|14670|14670|top|2021-01-25 21:07:57.000000|lantern_fan|1784|YOLO|/r/wallstreetbets/comments/l4tk3x/last_post_got_removed_if_i_can_hold_so_can_you/|https://www.reddit.com/r/wallstreetbets/comments/l4tk3x/last_post_got_removed_if_i_can_hold_so_can_you/|https://i.redd.it/p1o4c2suqid61.jpg||2021-01-26 16:27:08.822090|../output/raw/2021/01/26/StockTicker_162708.csv|StockTicker|['I']|['I']|[]|[]
17|l4zg6g|One of us on CNBC. QuirkyMushroom you famous bro.|t3_l4zg6g|0.97|14496|14496|top|2021-01-26 01:33:44.000000|ramen-shaman007|755|News|/r/wallstreetbets/comments/l4zg6g/one_of_us_on_cnbc_quirkymushroom_you_famous_bro/|https://www.reddit.com/r/wallstreetbets/comments/l4zg6g/one_of_us_on_cnbc_quirkymushroom_you_famous_bro/|https://i.redd.it/7paf0hyd2kd61.jpg||2021-01-26 16:27:08.822090|../output/raw/2021/01/26/StockTicker_162708.csv|StockTicker|['CNBC']|[]|[]|[]
18|l4syrd|GME Megathread Part 2|t3_l4syrd|0.88|13881|13881|top|2021-01-25 20:41:39.000000|theycallmeryan|90869|Mods|/r/wallstreetbets/comments/l4syrd/gme_megathread_part_2/|https://www.reddit.com/r/wallstreetbets/comments/l4syrd/gme_megathread_part_2/|https://www.reddit.com/r/wallstreetbets/comments/l4syrd/gme_megathread_part_2/|Keep all $GME discussion and memes in here. No market manipulation.|2021-01-26 16:27:08.822090|../output/raw/2021/01/26/StockTicker_162708.csv|StockTicker|['GME']|['GME']|['$GME']|['GME']
19|l5815u|Founder of Reddit tells Chamath Palihapitiya to buy $GME üöÄüöÄüöÄ|t3_l5815u|0.95|14927|14927|top|2021-01-26 09:26:36.000000|politeeks|1807|News|/r/wallstreetbets/comments/l5815u/founder_of_reddit_tells_chamath_palihapitiya_to/|https://www.reddit.com/r/wallstreetbets/comments/l5815u/founder_of_reddit_tells_chamath_palihapitiya_to/|https://twitter.com/alexisohanian/status/1353936352132222976?s=19||2021-01-26 16:27:08.822090|../output/raw/2021/01/26/StockTicker_162708.csv|StockTicker|['$GME']|['GME']|[]|[]
20|l5o4r3|"""It has been the frothiest market I've ever seen"" - Redfin CEO üí¶üí¶"|t3_l5o4r3|1.0|1|1|new|2021-01-27 00:26:59.000000|cpsmith|0|News|/r/wallstreetbets/comments/l5o4r3/it_has_been_the_frothiest_market_ive_ever_seen/|https://www.reddit.com/r/wallstreetbets/comments/l5o4r3/it_has_been_the_frothiest_market_ive_ever_seen/|https://www.youtube.com/watch?v=b2lcAhH6dvI&ab_channel=CNBCTelevision||2021-01-26 16:27:08.822090|../output/raw/2021/01/26/StockTicker_162708.csv|StockTicker|['CEO']|['CEO']|[]|[]
21|l5o4p8|So...What's next after GME and BB? Nokia? Ford?|t3_l5o4p8|1.0|1|1|new|2021-01-27 00:26:55.000000|a_bachelors_dust|0|Discussion|/r/wallstreetbets/comments/l5o4p8/sowhats_next_after_gme_and_bb_nokia_ford/|https://www.reddit.com/r/wallstreetbets/comments/l5o4p8/sowhats_next_after_gme_and_bb_nokia_ford/|https://www.reddit.com/r/wallstreetbets/comments/l5o4p8/sowhats_next_after_gme_and_bb_nokia_ford/||2021-01-26 16:27:08.822090|../output/raw/2021/01/26/StockTicker_162708.csv|StockTicker|['GME', 'BB']|['GME']|[]|[]
22|l5o4o8|Gamestonk indeed! üíé‚úã|t3_l5o4o8|1.0|1|1|new|2021-01-27 00:26:52.000000|MulhollandMaster121|0|Gain|/r/wallstreetbets/comments/l5o4o8/gamestonk_indeed/|https://www.reddit.com/r/wallstreetbets/comments/l5o4o8/gamestonk_indeed/|https://i.redd.it/oa6h4uydvqd61.jpg||2021-01-26 16:27:08.822090|../output/raw/2021/01/26/StockTicker_162708.csv|StockTicker|[]|[]|[]|[]
23|l5o4o3|All in w/ $GME AND $BB ASK FOR EXTRA SAUCE FOR YOR TENDIES|t3_l5o4o3|1.0|1|1|new|2021-01-27 00:26:52.000000|Seanishungry117|1|YOLO|/r/wallstreetbets/comments/l5o4o3/all_in_w_gme_and_bb_ask_for_extra_sauce_for_yor/|https://www.reddit.com/r/wallstreetbets/comments/l5o4o3/all_in_w_gme_and_bb_ask_for_extra_sauce_for_yor/|https://www.reddit.com/gallery/l5o4o3||2021-01-26 16:27:08.822090|../output/raw/2021/01/26/StockTicker_162708.csv|StockTicker|['$GME', 'AND', '$BB', 'ASK', 'FOR', 'EXTRA', 'SAUCE', 'FOR', 'YOR']|['GME', 'FOR', 'FOR']|[]|[]
24|l5o4o0|The Messiah has granted us access to his launch pad üöÄ üöÄüöÄüöÄüöÄ|t3_l5o4o0|1.0|1|1|new|2021-01-27 00:26:52.000000|Ok_Outlandishness_33|1|YOLO|/r/wallstreetbets/comments/l5o4o0/the_messiah_has_granted_us_access_to_his_launch/|https://www.reddit.com/r/wallstreetbets/comments/l5o4o0/the_messiah_has_granted_us_access_to_his_launch/|https://i.redd.it/bprcacydvqd61.jpg||2021-01-26 16:27:08.822090|../output/raw/2021/01/26/StockTicker_162708.csv|StockTicker|[]|[]|[]|[]
25|l5o4md|Lets fucking Go!! üöÄüöÄüöÄüöÄ|t3_l5o4md|1.0|3|3|new|2021-01-27 00:26:48.000000|hoobaacheche|0|News|/r/wallstreetbets/comments/l5o4md/lets_fucking_go/|https://www.reddit.com/r/wallstreetbets/comments/l5o4md/lets_fucking_go/|https://i.redd.it/3ws0arjdvqd61.jpg||2021-01-26 16:27:08.822090|../output/raw/2021/01/26/StockTicker_162708.csv|StockTicker|[]|[]|[]|[]
26|l5o4m8|Should I exercise my GME $70 1/29 calls or hold?|t3_l5o4m8|1.0|1|1|new|2021-01-27 00:26:48.000000|pc-dingdong|0|Discussion|/r/wallstreetbets/comments/l5o4m8/should_i_exercise_my_gme_70_129_calls_or_hold/|https://www.reddit.com/r/wallstreetbets/comments/l5o4m8/should_i_exercise_my_gme_70_129_calls_or_hold/|https://www.reddit.com/r/wallstreetbets/comments/l5o4m8/should_i_exercise_my_gme_70_129_calls_or_hold/|I don‚Äôt know what will help the GME gang the most. Advice ??|2021-01-26 16:27:08.822090|../output/raw/2021/01/26/StockTicker_162708.csv|StockTicker|['I', 'GME']|['I', 'GME']|['I', 'GME']|['I', 'GME']
27|l5o4kg|ELON TWEETED!!!! Let‚Äôs FUCKING GO TO MARS BOYS!!! üöÄüöÄüöÄüöÄ|t3_l5o4kg|1.0|1|1|new|2021-01-27 00:26:45.000000|xduke_silver|0|News|/r/wallstreetbets/comments/l5o4kg/elon_tweeted_lets_fucking_go_to_mars_boys/|https://www.reddit.com/r/wallstreetbets/comments/l5o4kg/elon_tweeted_lets_fucking_go_to_mars_boys/|https://i.redd.it/g4k4627dvqd61.jpg||2021-01-26 16:27:08.822090|../output/raw/2021/01/26/StockTicker_162708.csv|StockTicker|['ELON', 'EETED', 'CKING', 'GO', 'TO', 'MARS', 'BOYS']|['ELON']|[]|[]
28|l5o4jz|Mod appreciation Hours|t3_l5o4jz|1.0|1|1|new|2021-01-27 00:26:44.000000|KrisPcream|0|Discussion|/r/wallstreetbets/comments/l5o4jz/mod_appreciation_hours/|https://www.reddit.com/r/wallstreetbets/comments/l5o4jz/mod_appreciation_hours/|https://www.reddit.com/r/wallstreetbets/comments/l5o4jz/mod_appreciation_hours/|"I'd like a moment to say thank you to the mods, for their vigilant work in the past as well as the tough work they have going forward. We are about to have a monumental climb in members and i'm sure they'll have a lot of autism to sift through and filter. God speed oh you champions, tendies upon you, and your families.   


92 $GME @ 37"|2021-01-26 16:27:08.822090|../output/raw/2021/01/26/StockTicker_162708.csv|StockTicker|[]|[]|['$GME']|['GME']
29|l5o4j1|So what‚Äôs the next GME stock?|t3_l5o4j1|1.0|1|1|new|2021-01-27 00:26:42.000000|hzzi066|1|YOLO|/r/wallstreetbets/comments/l5o4j1/so_whats_the_next_gme_stock/|https://www.reddit.com/r/wallstreetbets/comments/l5o4j1/so_whats_the_next_gme_stock/|https://www.reddit.com/r/wallstreetbets/comments/l5o4j1/so_whats_the_next_gme_stock/||2021-01-26 16:27:08.822090|../output/raw/2021/01/26/StockTicker_162708.csv|StockTicker|['GME']|['GME']|[]|[]
30|l57i0n|The Bullish Thesis for NEE üîãüöÄ|t3_l57i0n|0.48|0|0|controversial|2021-01-26 08:51:36.000000|EricPike|22|DD|/r/wallstreetbets/comments/l57i0n/the_bullish_thesis_for_nee/|https://www.reddit.com/r/wallstreetbets/comments/l57i0n/the_bullish_thesis_for_nee/|https://www.reddit.com/r/wallstreetbets/comments/l57i0n/the_bullish_thesis_for_nee/|"# NextEra Energy is the play that you need to make if you believe in Biden's infrastructure reforms.

(before reading, note that they are reporting earnings on the morning of the 26th, I will be taking advantage of the IV crush to open a LEAP position)

To start, I see an awful amount of praise for ETF's when playing this sector. However, while ETF's offer greater security in individual investments, the true risk and reward of playing this sector becomes apparent through the lens of comparison. The three ETF's I concentrated on for this DD are:

* **ICLN**
* **TAN**
* **FAN**

While these are all popular, none of them have weighted NEE anywhere near its capitalization potential. Just the next two years alone will nearly certainly double the stock's market cap. They have over $50B in infrastructure investments planned through 2022, and you can be assured that they will have an advantage to this [in the form of tax credits and subsidies.](https://investorplace.com/2020/12/nee-stock-is-ready-to-soar-under-green-biden-administration/)

That's right, Uncle Sam is going to skullfuck this company with tax credits and subsidies to the point that this thing could have a TSLA-esque potential. But let's not get ahead of ourselves, how does this company look when lined up among some competition?

The particular interest with NEE is that they seemingly do it all. This shit is like the Chic-Fil-A of the energy sector. It could honestly not give less of a shit about saving the world, its only focus is cash flow, which in terms that WSB is accustomed to, is just fuel reserves for its inevitable moon mission. I analyzed 3 different companies in the renewable energy sector, and those were

1. Plug Power
   1. slowing of net income in Q/Q growth.
2. Enphase
   1. already boomed. the party for this one got busted pretty fast. imo just a shitty boomer pick
3. First Solar
   1. This one is a legitimate competitor in my view. 
   2. I would honestly invest in this if its revenue sources were more diverse.

So taking these into account, NEE seems as if its obligatory duty is to take the throne of the renewable market (if you're for some reason doubting it even slightly)

# TLDR: EZ CASHFLOW, ECO-CONSCIOUS, and *bigly* expansion with tax credits incoming to help assist.

[my backyard after i realize the profits of this monster](https://preview.redd.it/5gbei0oe8md61.jpg?width=678&format=pjpg&auto=webp&s=49ee96218c06e7a1690a4af1bc671890b7dea59f)"|2021-01-26 16:27:08.822090|../output/raw/2021/01/26/StockTicker_162708.csv|StockTicker|['NEE']|['NEE']|['I', 'IV', 'LEAP', 'I', 'I', 'DD', 'NEE', 'B', 'NEE', 'A', 'WSB', 'I', 'Q', 'I', 'NEE', 'EZ', 'HFLOW', 'CIOUS']|['I', 'I', 'I', 'DD', 'NEE', 'B', 'NEE', 'A', 'I', 'Q', 'I', 'NEE']
31|l5hdfv|Leaked Fubo 2020 Q4 earnings date? Only seeing this info on Etrade|t3_l5hdfv|0.51|2|2|controversial|2021-01-26 19:22:13.000000|WarriorBC|17|News|/r/wallstreetbets/comments/l5hdfv/leaked_fubo_2020_q4_earnings_date_only_seeing/|https://www.reddit.com/r/wallstreetbets/comments/l5hdfv/leaked_fubo_2020_q4_earnings_date_only_seeing/|https://i.redd.it/phrjalphcpd61.png||2021-01-26 16:27:08.822090|../output/raw/2021/01/26/StockTicker_162708.csv|StockTicker|[]|[]|[]|[]
32|l58zen|A post-GME DD: AUPH|t3_l58zen|0.46|0|0|controversial|2021-01-26 10:32:54.000000|TorpCat|43|DD|/r/wallstreetbets/comments/l58zen/a_postgme_dd_auph/|https://www.reddit.com/r/wallstreetbets/comments/l58zen/a_postgme_dd_auph/|https://www.reddit.com/r/wallstreetbets/comments/l58zen/a_postgme_dd_auph/|"# TLDR of TLDR: $AUPH go üöÄüöÄüöÄüöÄüöÄüöÄ

# Prelude

I own 100 shares. This is no advice to invest. Do your own DD.

https://preview.redd.it/4hz60wztpmd61.png?width=1205&format=png&auto=webp&s=c8ef4ae2922b744416796b67d4b3a3093a37e3f7

*ignore the +100%. f¬¥ing boomers sold this shit in premarket.*

# TLDR:

Company established a groundbreaking drug, Voclosporin. It has many benefits (more efficent, orally given, less side affects). They have the patent until 2037(!). The company expects 65K$ per patient - at least 200K patients in the US \* how many are actually treated = 1.3B $. They have 400M $ cash on hand + an aggreement for licensing the drug in Japan + EU for 100M $ + various milestone payments + 10-20% of revenue.

In total:

1.8B $ alone for the first year in the US, 1.3B $ is recurring revenue + 10-20% of revenue once EU/Japan approve the drug. Market cap? Only 2.3B $ Buyout? CEO and Chairman are open for it + have created comps which were bought out in the past by major pharm players.

üöÄüöÄüöÄüöÄüöÄ

wHy DiD yOu OnLy PoST noW!!!11

enough DD was posted before, however the development of the share price shows the market does not evaluate this company at a fair price.

üöÄüöÄüöÄüöÄüöÄ

# Establishing Voclosporin

SLE ( Systemic Lupus Ery. ) is an autoimmune disease. Various stages, various form. One of the worst is Lupus Nephrithis. In this form the functional units of the kidney, the nephrons, are attack by the bodies own immune system. The functions of the kidney fall off a cliff. Untreated the diagnosis is death.

[pretty shit to suffer from this](https://preview.redd.it/fgxut51hfmd61.png?width=1595&format=png&auto=webp&s=34e84cdf5ae2653cb1053711f60794d68bded1fe)

Current SoC / standard of care is the major use of steroids and using drugs to depress the immunesystem. This SoC is pretty shit as it is suboptimal and only helps few ppl improve. The target according to guidelines is:

https://preview.redd.it/hexszsnfgmd61.png?width=1593&format=png&auto=webp&s=0f4b2e73ac35bb8229710e676d364355d735b9ff

*TLDR: decrease the secretion of protein*

Enter Voclosporin / Le blockbuster

It is a member of the Cyclosporin fam - so called calcineurin inhibitors. As I had to suffer through human physiology in this semster: they inhibite this molecule which turns on various immunological pathways.

[Major improvement over SoC](https://preview.redd.it/brjsgsd4hmd61.png?width=1589&format=png&auto=webp&s=dcac22951f0aa7192b12a03708876f93555a5aba)

3x as many patients benefit from this drug. But how good is it?

Very f¬¥ing good fellow retard

&#x200B;

[Only take half as long](https://preview.redd.it/3vqvnq4kimd61.png?width=1598&format=png&auto=webp&s=3e8d27db8545036bb6d16adfe75dd214aac78bba)

With Voclosporin they are faster (only need 50% of the time), better, can be used on more classes of LN, can cut down on steroids and all it takes is a pill.

[Summary](https://preview.redd.it/pv3bwk6simd61.png?width=1591&format=png&auto=webp&s=eca3b153dc28f53de9c6a12f41fcfe3a7a609953)

Real nice - but how do they launch this thing in a pandemic?

# Commercial Strat

https://preview.redd.it/59nmrp6ukmd61.png?width=1585&format=png&auto=webp&s=6cec4e1328ce7a47f8abbb04cddfa1b2f9221e9c

They have been prepared for the liftoff. They boost a variety of people to influence all parameters of the equation: physicians, patients and insurance

https://preview.redd.it/8s8w474almd61.png?width=1585&format=png&auto=webp&s=46a64e8f0d2a5aec5372574a7338e4b6815febbf

# Tendies

The company owns the IP until 2037. This is incredibly bullish. Only one competitor exists: Benelysta by GSK (actually GSK bought the comp and did not develop it themself). They are inferior in every aspect + it¬¥s not an orally given pill but and injection - yikes.

The *CEO was kinda retetarded* during the webcast yesterday. Well he had to be. So this part is a bit hard.

As LN is a rare disease the number of ppl affected is only roughly known. Therefore yesterday was kinda shit with the analysts as they were expecting a precise number on the revenue. The CEO was only able to provide the lower bound on the revenue.

https://preview.redd.it/brsuo5yrmmd61.png?width=1586&format=png&auto=webp&s=2cc001092a8a0c5e773f683b42169b4eeabe3503

AUPH provides patients with the pills package - called a wallet. This wallet contains around 60 pills. The patient takes 6 pills daily - i.e. this package lasts 10 days. Now here I¬¥m a bit retarded BUT the CEO said they price the wallet to be 65K $ meaning a patient will receive the drug for 30 days will net the comp around 3x 65K. However the slides say 65K $ so I¬¥ll leave it at that. => 65K $ per patient

Now, conservative estimates for the number of ppl suffering from LN is 200K - 300K. In my TLDR section I already did some math to figure out that the combination of those low estimates yields around 1.3B $ in revenue. 65K \* 200K \* actually treated patients = 1.3B

Add the 400M $ cash on hand + the licensing agreements and we have around 1.9B $ while the market cap is only 2.3B $. Once the real numbers and not just the low estimates are starting to pile up they will improve the share price.

# Extras

1. &#x200B;

https://preview.redd.it/xhw5m3wljmd61.png?width=1592&format=png&auto=webp&s=6e1de62460c123c6753b627871db20e1c3f5e148

This disease affects women and people from ""minority populations"" more often. These groups are the prime target of political actions taken by the progressive politicans.

Having this disease be common in those populations the real number of patients to be treated may be higher. On a humanitarian note, ""minority populations"" suffering from a disease and society not giving a damn is pretty bad."|2021-01-26 16:27:08.822090|../output/raw/2021/01/26/StockTicker_162708.csv|StockTicker|['A', 'GME']|['A', 'GME']|['TLDR', '$AUPH', 'I', 'DD', 'K', 'US', 'B', 'M', 'EU', 'M', 'B', 'US', 'B', 'B', 'CEO', 'D', 'ST', 'W', 'DD', 'SLE', 'C', 'C', 'I', 'LN', 'IP', 'GSK', 'GSK', 'CEO', 'LN', 'CEO', 'AUPH', 'BUT', 'CEO', 'K', 'K', 'K', 'K', 'LN', 'K', 'K', 'TLDR', 'I', 'B', 'K', 'K', 'B', 'M', 'B', 'B']|['AUPH', 'I', 'DD', 'K', 'B', 'M', 'M', 'B', 'B', 'B', 'CEO', 'D', 'ST', 'W', 'DD', 'C', 'C', 'I', 'IP', 'GSK', 'GSK', 'CEO', 'CEO', 'AUPH', 'CEO', 'K', 'K', 'K', 'K', 'K', 'K', 'I', 'B', 'K', 'K', 'B', 'M', 'B', 'B']
33|l5lg4y|Child of Chamath: $CLOV|t3_l5lg4y|0.48|0|0|controversial|2021-01-26 22:26:52.000000|tatbat1|30|DD|/r/wallstreetbets/comments/l5lg4y/child_of_chamath_clov/|https://www.reddit.com/r/wallstreetbets/comments/l5lg4y/child_of_chamath_clov/|https://www.reddit.com/r/wallstreetbets/comments/l5lg4y/child_of_chamath_clov/|"This is why $CLOV will grant you a stupid amount of money. First off Chamath Palipitiya has meme god status coming to him. We all know it.

Earlier this month renowned billionaire Chamath Palihapitiya brought Clover Health public through a SPAC. This was part of his SPAC series which he plans to revolutionize funding to companies. Clover Health is poised to change the way we see healthcare because of their use of Artificial Intelligence. They plan to use AI to discover high risk patients before complications arise to provide them with the best care possible. Sort of like Precogs from the minority report.

Father Chamath believes there are many things that make CLOV special. The main one being that it is undervalues Chamath has said that he believes the valuation to lie between 20-30 billion dollars while it is currently in the few billion stage. He likened it to Virgin Galactics SPCE. This is because people weren't able to grasp the concept of space travel going mainstream, he says the same realization is bound to hit Clover Health. This company is more of a technology company which allows it gain a great amount of investor support and funding. One of these investors which backed the startup was Alphabet - ""Google"".

Financials wise CLOV is still kicking ass. Clover was able to increase their revenue to close to 50%  in the past year. The IPO has only given it more money to increase infrastructure across America. They are currently located in 7 states of which 34 counties are effectively taken over. This allows the company a huge rate and area of growth to flesh into. 

As always do your own DD before hoping aboard.

Positions: OTM Calls into next year."|2021-01-26 16:27:08.822090|../output/raw/2021/01/26/StockTicker_162708.csv|StockTicker|[]|[]|['$CLOV', 'SPAC', 'SPAC', 'AI', 'CLOV', 'SPCE', 'CLOV', 'IPO', 'DD', 'OTM']|['AI', 'DD']
34|l5i4fg|WSB BEEF|t3_l5i4fg|0.42|0|0|controversial|2021-01-26 19:57:21.000000|martinshkreli|58|Discussion|/r/wallstreetbets/comments/l5i4fg/wsb_beef/|https://www.reddit.com/r/wallstreetbets/comments/l5i4fg/wsb_beef/|https://www.reddit.com/r/wallstreetbets/comments/l5i4fg/wsb_beef/|"u/zjz is removing my posts as 'spam'. i'm one of the OG WSB posters. if you want to turn the sub into r/GME, thats cool, i dont care, but why don't you be a man (sorry not gender-neutral) and confront me with what your problem is. if anti-GME posts are not allowed, why dont you state that somewhere? i'm pretty sure there are a lot of users who want to see what i have to say. i know a huge amount of melvin backstory, im one of the few that actually understands financials, the borrow/locate/short clearing process, etc. don't be mad because i have HF-autism and you have fragile x.

for anyone else reading this post: please let this dude and other mods know, so we can get to the bottom of this."|2021-01-26 16:27:08.822090|../output/raw/2021/01/26/StockTicker_162708.csv|StockTicker|['WSB']|[]|['OG', 'WSB', 'GME', 'GME']|['GME', 'GME']
35|l51s65|GME THANK YOU FOR THE TENDIES!|t3_l51s65|0.49|0|0|controversial|2021-01-26 03:28:09.000000|obaid_alandavid|2|Gain|/r/wallstreetbets/comments/l51s65/gme_thank_you_for_the_tendies/|https://www.reddit.com/r/wallstreetbets/comments/l51s65/gme_thank_you_for_the_tendies/|https://www.reddit.com/gallery/l51s65||2021-01-26 16:27:08.822090|../output/raw/2021/01/26/StockTicker_162708.csv|StockTicker|['GME', 'THANK', 'YOU', 'FOR', 'THE', 'NDIES']|['GME', 'FOR']|[]|[]
36|l5dxzz|I went from 100K to >1M last year and why $NOK is the easiest next üöÄüöÄüöÄüöÄ I've ever seen (DD MEGA COMPILATION)|t3_l5dxzz|0.66|1830|1830|controversial|2021-01-26 16:26:29.000000|absolutcity|639|DD|/r/wallstreetbets/comments/l5dxzz/i_went_from_100k_to_1m_last_year_and_why_nok_is/|https://www.reddit.com/r/wallstreetbets/comments/l5dxzz/i_went_from_100k_to_1m_last_year_and_why_nok_is/|https://www.reddit.com/r/wallstreetbets/comments/l5dxzz/i_went_from_100k_to_1m_last_year_and_why_nok_is/|"Disclaimer: I'm long NOK shares and calls and this is not a distraction from GME, I'M STILL FUCKING HOLDING.

Listen up boys tl;dr up front so you can get in today. I have made some smart plays and some lucky plays in the last year, but $NOK is the easiest lay up I've ever seen. IT WILL BE $10 SOON
01/2022 $7, $10 
3/2021 $7
MAYBE EVEN FDs

**THERE HAS BEEN SOME SOLID DD ON WSB FOR NOK SO I'LL LINK IT HERE** [Great DD by user/zepherance](https://www.reddit.com/r/wallstreetbets/comments/l3saqr/nokia_nok_debunking_common_myths_and_a_look_at/)

[Why im in on $NOK by user/laroxide](https://www.reddit.com/r/wallstreetbets/comments/l4vw69/why_im_in_on_nokia_nok_dd/)

[$NOK the next stock to blow by user/thetechwick](https://www.reddit.com/r/wallstreetbets/comments/l4x1yx/nok_next_stock_to_blow/)

[$NOK - the most important company you're ignoring by user/888NP](https://www.reddit.com/r/wallstreetbets/comments/l4zy3d/nok_the_most_important_company_youre_ignoring/)

[An interesting post from user/yesbutpotentiallyno claiming some pretty interesting things about FTTP infrastructure and how Nokia has sort of cornered the market, I haven't read this anywhere else.](https://www.reddit.com/r/stocks/comments/l5br13/why_is_nobody_talking_about_this_side_of_nokia/)

**I CHOSE THESE DD'S BECAUSE THEY ARE CONCISE AND CLEAR AND HAVE A LOT OF INFORMATION BULLET POINTED FOR AUTISTS BUT THERE IS MUCH MORE.**

The long and short of $NOK is they are a wildly undervalued stock in a particularly nifty low IV position primed to take off like wildfire. From eating Huawei's lunch to building cell towers on the moon for NASA to GLOBAL 5G to RAN architecture to a new CEO.. THE LIST GOES ON. 

**ANOTHER TL;DR** - WITH THE GOVT CONTRACTS, COMPANY RESTRUCTURING, 5G INFRASTRUCTURE PLAYS, GLOBAL MKT CAP OPPORTUNITIES $NOK IS EASILY $8-10 PER SHARE IN A COUPLE WEEKS/MONTHS AND THAT IS BEING EXTREMELY CONSERVATIVE. I AM LONG AND AM NOT FUCKING SELLING. GET IT WHILE IT'S CHEAP üöÄüöÄüöÄüöÄüöÄüöÄüöÄüöÄüöÄüöÄüöÄüöÄüöÄüöÄüöÄüöÄüöÄ


**EDIT** - Listen boys, I know there's a lot of fervor on WSB right not about GME and understand I am 100% in (1000 shares between two accts) but not hedging/diversifying in general is EXTREMELY retarded. You can hold GME and still make solid plays. Check my acct history, I've been posting on WSB for years since RITEAID, literally only mods remember that shit. Fuck Melvin and Citron but fuck them smartly, thank you."|2021-01-26 16:27:08.822090|../output/raw/2021/01/26/StockTicker_162708.csv|StockTicker|['I', 'K', 'M', '$NOK', 'DD', 'MEGA']|['I', 'K', 'M', 'NOK', 'DD']|['NOK', 'GME', 'M', 'STILL', 'CKING', 'LDING', 'I', '$NOK', 'IT', 'WILL', 'BE', 'SOON', 'MAYBE', 'EVEN', 'THERE', 'HAS', 'BEEN', 'SOME', 'SOLID', 'DD', 'ON', 'WSB', 'FOR', 'NOK', 'SO', 'LL', 'LINK', 'IT', 'DD', '$NOK', '$NOK', '$NOK', 'FTTP', 'I', 'I', 'CHOSE', 'THESE', 'S', 'CAUSE', 'THEY', 'ARE', 'NCISE', 'AND', 'CLEAR', 'AND', 'HAVE', 'A', 'LOT', 'OF', 'ATION', 'ULLET', 'INTED', 'FOR', 'TISTS', 'BUT', 'THERE', 'IS', 'MUCH', 'MORE', '$NOK', 'IV', 'NASA', 'LOBAL', 'G', 'RAN', 'CEO', 'THE', 'LIST', 'GOES', 'ON', 'OTHER', 'WITH', 'THE', 'GOVT', 'RACTS', 'MPANY', 'URING', 'G', 'CTURE', 'PLAYS', 'LOBAL', 'MKT', 'CAP', 'ITIES', '$NOK', 'IS', 'ASILY', 'PER', 'SHARE', 'IN', 'A', 'OUPLE', 'ONTHS', 'AND', 'THAT', 'IS', 'BEING', 'EMELY', 'ATIVE', 'I', 'AM', 'LONG', 'AND', 'AM', 'NOT', 'CKING', 'LLING', 'GET', 'IT', 'WHILE', 'S', 'CHEAP', 'I', 'WSB', 'GME', 'I', 'EMELY', 'GME', 'WSB', 'TEAID']|['NOK', 'GME', 'M', 'I', 'NOK', 'IT', 'HAS', 'DD', 'FOR', 'NOK', 'SO', 'LL', 'IT', 'DD', 'NOK', 'NOK', 'NOK', 'I', 'I', 'S', 'ARE', 'A', 'FOR', 'MORE', 'NOK', 'G', 'CEO', 'G', 'CAP', 'NOK', 'PER', 'A', 'I', 'AM', 'LONG', 'AM', 'IT', 'S', 'I', 'GME', 'I', 'GME']
37|l5g0b6|Took all my GME gains into BB, immediately down $6k lmao|t3_l5g0b6|0.38|0|0|controversial|2021-01-26 18:16:43.000000|NelsonTingles|109|YOLO|/r/wallstreetbets/comments/l5g0b6/took_all_my_gme_gains_into_bb_immediately_down_6k/|https://www.reddit.com/r/wallstreetbets/comments/l5g0b6/took_all_my_gme_gains_into_bb_immediately_down_6k/|https://i.redd.it/5lo0ccdc1pd61.jpg||2021-01-26 16:27:08.822090|../output/raw/2021/01/26/StockTicker_162708.csv|StockTicker|['GME', 'BB']|['GME']|[]|[]
38|l5h3kk|~$90k on NOK|t3_l5h3kk|0.62|219|219|controversial|2021-01-26 19:09:20.000000|myanriles|227|YOLO|/r/wallstreetbets/comments/l5h3kk/90k_on_nok/|https://www.reddit.com/r/wallstreetbets/comments/l5h3kk/90k_on_nok/|https://www.reddit.com/r/wallstreetbets/comments/l5h3kk/90k_on_nok/|"[\\""It is easier to find men who will volunteer to die, than to find those who are willing to endure pain with patience.\\"" - Julius Caesar, 69 BC](https://preview.redd.it/n7heco08apd61.png?width=1454&format=png&auto=webp&s=03a47d5351ae06d3a311a4e93412a6c95debcf5b)"|2021-01-26 16:27:08.822090|../output/raw/2021/01/26/StockTicker_162708.csv|StockTicker|[]|[]|[]|[]
39|l5gsp8|AMD figures today. 100k yolo. Let‚Äôs go!üöÄüöÄüöÄ|t3_l5gsp8|0.58|25|25|controversial|2021-01-26 18:55:35.000000|alles_long|28|YOLO|/r/wallstreetbets/comments/l5gsp8/amd_figures_today_100k_yolo_lets_go/|https://www.reddit.com/r/wallstreetbets/comments/l5gsp8/amd_figures_today_100k_yolo_lets_go/|https://i.redd.it/4ct24n9a8pd61.jpg||2021-01-26 16:27:08.822090|../output/raw/2021/01/26/StockTicker_162708.csv|StockTicker|['AMD']|['AMD']|[]|[]
